date,storage
2018-01-01,345.6495566
2018-01-02,343.8137493
2018-01-03,341.6242795
2018-01-04,339.6947485
2018-01-05,337.6722188
2018-01-06,335.846336
2018-01-07,333.2828487
2018-01-08,329.439211
2018-01-09,325.3174437
2018-01-10,321.709369
2018-01-11,318.240694
2018-01-12,314.7277777
2018-01-13,311.7753787
2018-01-14,309.0020269
2018-01-15,305.2663732
2018-01-16,301.8129525
2018-01-17,297.7929075
2018-01-18,293.8289544
2018-01-19,289.5735738
2018-01-20,286.1624504
2018-01-21,283.0410508
2018-01-22,279.490079
2018-01-23,276.8617834
2018-01-24,274.9689715
2018-01-25,272.2657789
2018-01-26,269.1829413
2018-01-27,267.1449425
2018-01-28,265.7756238
2018-01-29,263.8929175
2018-01-30,261.0984709
2018-01-31,258.1506749
2018-02-01,254.5983019
2018-02-02,250.8035694
2018-02-03,247.1953261
2018-02-04,243.3249204
2018-02-05,237.9177509
2018-02-06,232.2863693
2018-02-07,226.3591945
2018-02-08,220.5452285
2018-02-09,215.1024234
2018-02-10,211.1029298
2018-02-11,207.7006238
2018-02-12,203.04262
2018-02-13,197.9678601
2018-02-14,193.2186805
2018-02-15,188.8401671
2018-02-16,184.9911979
2018-02-17,181.6935102
2018-02-18,177.9455692
2018-02-19,173.4046367
2018-02-20,168.7541139
2018-02-21,163.4387377
2018-02-22,158.1467424
2018-02-23,152.8893959
2018-02-24,148.5432973
2018-02-25,143.9031111
2018-02-26,137.2280313
2018-02-27,130.3735299
2018-02-28,123.0163648
2018-03-01,116.3451538
2018-03-02,110.1194737
2018-03-03,104.8312582
2018-03-04,101.6061513
2018-03-05,98.53771233
2018-03-06,95.60583264
2018-03-07,92.74557923
2018-03-08,89.84265569
2018-03-09,88.23662057
2018-03-10,87.29275898
2018-03-11,86.8449509
2018-03-12,85.66080284
2018-03-13,83.8604144
2018-03-14,82.294694
2018-03-15,80.90275835
2018-03-16,79.33724619
2018-03-17,76.98077884
2018-03-18,74.06650578
2018-03-19,70.47156524
2018-03-20,67.20509967
2018-03-21,64.07958995
2018-03-22,61.324502
2018-03-23,59.1061253
2018-03-24,58.27765897
2018-03-25,57.901442
2018-03-26,56.77224957
2018-03-27,55.60399024
2018-03-28,54.40541633
2018-03-29,53.3946851
2018-03-30,52.93886447
2018-03-31,53.15250522
2018-04-01,53.10714289
2018-04-02,53.11355022
2018-04-03,53.90235972
2018-04-04,53.72972042
2018-04-05,53.57759859
2018-04-06,54.01273259
2018-04-07,55.27578393
2018-04-08,56.91063825
2018-04-09,57.86896462
2018-04-10,58.50083755
2018-04-11,59.07782171
2018-04-12,59.32517223
2018-04-13,59.92470001
2018-04-14,61.20739553
2018-04-15,63.51200284
2018-04-16,64.60893839
2018-04-17,66.44750864
2018-04-18,68.70883379
2018-04-19,71.2771953
2018-04-20,73.600198
2018-04-21,76.54079829
2018-04-22,79.90396467
2018-04-23,82.40412327
2018-04-24,84.52963135
2018-04-25,86.54549403
2018-04-26,88.73332808
2018-04-27,90.74920578
2018-04-28,93.03058392
2018-04-29,95.51007111
2018-04-30,97.36163823
2018-05-01,99.27647703
2018-05-02,100.7556539
2018-05-03,101.9685869
2018-05-04,104.1479764
2018-05-05,106.7224957
2018-05-06,109.1962233
2018-05-07,112.3429315
2018-05-08,115.2635012
2018-05-09,117.9755486
2018-05-10,120.9358685
2018-05-11,123.9911084
2018-05-12,127.2985112
2018-05-13,130.3951182
2018-05-14,132.922156
2018-05-15,135.3734386
2018-05-16,137.9021034
2018-05-17,140.4587349
2018-05-18,142.7890806
2018-05-19,145.412142
2018-05-20,148.4265882
2018-05-21,151.6246311
2018-05-22,154.651739
2018-05-23,157.2108513
2018-05-24,159.2233951
2018-05-25,162.0398467
2018-05-26,165.180139
2018-05-27,168.4612397
2018-05-28,171.2500886
2018-05-29,173.5100228
2018-05-30,175.8392139
2018-05-31,177.7820929
2018-06-01,179.5290266
2018-06-02,182.5032353
2018-06-03,185.6036018
2018-06-04,188.0333818
2018-06-05,189.9694714
2018-06-06,192.2208462
2018-06-07,194.3279582
2018-06-08,196.5424379
2018-06-09,199.4274517
2018-06-10,202.4018617
2018-06-11,204.8196017
2018-06-12,207.2504032
2018-06-13,209.5671095
2018-06-14,212.2292609
2018-06-15,214.2874494
2018-06-16,216.8500026
2018-06-17,219.6629659
2018-06-18,221.9301791
2018-06-19,223.8356429
2018-06-20,225.9650962
2018-06-21,227.90458
2018-06-22,230.071398
2018-06-23,232.6051706
2018-06-24,235.3123723
2018-06-25,237.5193731
2018-06-26,239.6165739
2018-06-27,241.569964
2018-06-28,243.9357127
2018-06-29,246.8544785
2018-06-30,250.0294364
2018-07-01,253.2755387
2018-07-02,256.1706968
2018-07-03,258.9554231
2018-07-04,261.5466501
2018-07-05,264.3291118
2018-07-06,267.1838302
2018-07-07,270.5359168
2018-07-08,274.0114964
2018-07-09,276.7605121
2018-07-10,279.0553513
2018-07-11,281.3208869
2018-07-12,283.7018498
2018-07-13,286.2568456
2018-07-14,289.4583543
2018-07-15,292.8364017
2018-07-16,295.6275234
2018-07-17,297.6079036
2018-07-18,299.421366
2018-07-19,301.0594412
2018-07-20,302.9192097
2018-07-21,305.1914361
2018-07-22,307.5669554
2018-07-23,309.5965986
2018-07-24,311.459314
2018-07-25,313.2798894
2018-07-26,315.1301572
2018-07-27,317.1772167
2018-07-28,319.6855962
2018-07-29,322.3104465
2018-07-30,324.976357
2018-07-31,327.8042487
2018-08-01,330.6453502
2018-08-02,333.3147826
2018-08-03,335.9527342
2018-08-04,339.2172775
2018-08-05,342.5962219
2018-08-06,345.2761126
2018-08-07,347.8615489
2018-08-08,350.6794094
2018-08-09,353.4165083
2018-08-10,356.5404208
2018-08-11,359.8383356
2018-08-12,363.2115835
2018-08-13,366.2552969
2018-08-14,368.9725619
2018-08-15,371.8973172
2018-08-16,374.7845652
2018-08-17,377.8905837
2018-08-18,381.1553629
2018-08-19,384.5981177
2018-08-20,387.2623751
2018-08-21,389.8512623
2018-08-22,392.1345091
2018-08-23,394.452258
2018-08-24,396.8435903
2018-08-25,399.6230135
2018-08-26,402.4548168
2018-08-27,404.8055138
2018-08-28,406.847748
2018-08-29,408.9821398
2018-08-30,410.9349939
2018-08-31,412.8022074
2018-09-01,415.0429894
2018-09-02,417.7921269
2018-09-03,419.4243511
2018-09-04,421.0835891
2018-09-05,422.7364919
2018-09-06,424.3490092
2018-09-07,426.1969182
2018-09-08,428.5999716
2018-09-09,431.0671471
2018-09-10,432.9968662
2018-09-11,434.9321405
2018-09-12,436.6972132
2018-09-13,437.6829429
2018-09-14,440.9460851
2018-09-15,443.8702226
2018-09-16,446.8072238
2018-09-17,448.9781813
2018-09-18,451.1291061
2018-09-19,453.371746
2018-09-20,455.1128373
2018-09-21,457.4471631
2018-09-22,459.5199345
2018-09-23,461.5742713
2018-09-24,462.6407223
2018-09-25,463.6943255
2018-09-26,465.0181557
2018-09-27,466.4934573
2018-09-28,467.8797426
2018-09-29,469.4470637
2018-09-30,471.0578441
2018-10-01,472.1150096
2018-10-02,473.1666312
2018-10-03,474.3172987
2018-10-04,475.4394365
2018-10-05,476.8669491
2018-10-06,479.0135296
2018-10-07,480.9647693
2018-10-08,482.1468093
2018-10-09,483.0904692
2018-10-10,484.4675442
2018-10-11,486.1591109
2018-10-12,488.3442639
2018-10-13,490.9670308
2018-10-14,493.7355738
2018-10-15,495.5980615
2018-10-16,496.9803704
2018-10-17,498.2483361
2018-10-18,499.5158823
2018-10-19,500.7333331
2018-10-20,502.4299825
2018-10-21,504.0825732
2018-10-22,504.9412473
2018-10-23,505.8713091
2018-10-24,506.5618539
2018-10-25,507.1150398
2018-10-26,507.371834
2018-10-27,507.5748125
2018-10-28,507.3811303
2018-10-29,506.1606318
2018-10-30,507.1442636
2018-10-31,506.4192236
2018-11-01,506.4190551
2018-11-02,506.387903
2018-11-03,506.3783573
2018-11-04,506.5738041
2018-11-05,506.5680706
2018-11-06,507.0329261
2018-11-07,507.1013275
2018-11-08,506.3847098
2018-11-09,506.3143658
2018-11-10,506.8788108
2018-11-11,507.6750318
2018-11-12,507.8140842
2018-11-13,507.6948609
2018-11-14,507.3187028
2018-11-15,506.635754
2018-11-16,505.3739678
2018-11-17,504.175647
2018-11-18,503.1562658
2018-11-19,500.8741931
2018-11-20,497.6036387
2018-11-21,494.2260669
2018-11-22,490.5393128
2018-11-23,487.4087108
2018-11-24,485.3296934
2018-11-25,483.4563212
2018-11-26,475.8052836
2018-11-27,478.0500967
2018-11-28,475.9141134
2018-11-29,474.5205373
2018-11-30,472.802281
2018-12-01,472.1882758
2018-12-02,472.375712
2018-12-03,472.2213529
2018-12-04,470.9801991
2018-12-05,469.1809589
2018-12-06,463.3621567
2018-12-07,467.7401798
2018-12-08,467.4639843
2018-12-09,467.1078625
2018-12-10,464.900658
2018-12-11,461.8696232
2018-12-12,453.3386824
2018-12-13,454.2552194
2018-12-14,449.8550126
2018-12-15,446.5174512
2018-12-16,443.3395177
2018-12-17,439.8184533
2018-12-18,436.5073039
2018-12-19,433.6937959
2018-12-20,431.1721129
2018-12-21,429.950907
2018-12-22,429.5697124
2018-12-23,429.0603654
2018-12-24,428.0411677
2018-12-25,426.9045521
2018-12-26,425.2518356
2018-12-27,422.9708185
2018-12-28,420.8970732
2018-12-29,419.8786601
2018-12-30,419.65357
2018-12-31,416.092603
2019-01-01,419.0949868
2019-01-02,416.8104464
2019-01-03,413.3196372
2019-01-04,409.9707234
2019-01-05,407.8823613
2019-01-06,405.9035881
2019-01-07,403.405011
2019-01-08,401.4300407
2019-01-09,398.2858849
2019-01-10,394.4283371
2019-01-11,391.4328512
2019-01-12,389.7517518
2019-01-13,388.7783895
2019-01-14,381.416453
2019-01-15,383.6434882
2019-01-16,380.4779479
2019-01-17,376.9471292
2019-01-18,372.644971
2019-01-19,368.6408374
2019-01-20,364.3197127
2019-01-21,358.8032734
2019-01-22,353.4633415
2019-01-23,343.332195
2019-01-24,342.4715243
2019-01-25,337.4549848
2019-01-26,334.3734121
2019-01-27,332.0700598
2019-01-28,328.3241645
2019-01-29,323.8279056
2019-01-30,319.2723702
2019-01-31,314.531795
2019-02-01,310.4702782
2019-02-02,307.320543
2019-02-03,304.1215903
2019-02-04,300.1169538
2019-02-05,296.3108903
2019-02-06,288.5635025
2019-02-07,290.0148926
2019-02-08,287.740439
2019-02-09,286.1032755
2019-02-10,284.4482045
2019-02-11,281.3281462
2019-02-12,278.6481575
2019-02-13,276.0112234
2019-02-14,273.991871
2019-02-15,272.3566193
2019-02-16,271.7793734
2019-02-17,267.4232467
2019-02-18,270.6380005
2019-02-19,269.610466
2019-02-20,268.2411968
2019-02-21,255.2879115
2019-02-22,258.4219583
2019-02-23,258.0783157
2019-02-24,257.8160026
2019-02-25,256.9605654
2019-02-26,256.5127529
2019-02-27,256.1531974
2019-02-28,255.8387475
2019-03-01,255.6434904
2019-03-02,256.2839863
2019-03-03,257.1129337
2019-03-04,257.3415684
2019-03-05,257.0874542
2019-03-06,257.5369203
2019-03-07,257.521221
2019-03-08,257.5963439
2019-03-09,258.0438393
2019-03-10,258.3185973
2019-03-11,257.3511966
2019-03-12,256.375851
2019-03-13,255.4932509
2019-03-14,254.9622102
2019-03-15,254.892642
2019-03-16,255.2871293
2019-03-17,255.6178321
2019-03-18,254.6884491
2019-03-19,253.5969176
2019-03-20,252.827262
2019-03-21,252.5346187
2019-03-22,252.8895407
2019-03-23,254.1647748
2019-03-24,255.4892763
2019-03-25,254.5532316
2019-03-26,254.2219667
2019-03-27,254.1685324
2019-03-28,254.263433
2019-03-29,254.8923755
2019-03-30,256.6197121
2019-03-31,256.9743983
2019-04-01,259.2624159
2019-04-02,262.0110609
2019-04-03,263.2073297
2019-04-04,262.1520288
2019-04-05,262.0785955
2019-04-06,263.3557001
2019-04-07,265.139665
2019-04-08,270.0034954
2019-04-09,270.7425355
2019-04-10,271.0133286
2019-04-11,270.9366555
2019-04-12,270.4522758
2019-04-13,270.6300272
2019-04-14,271.0042968
2019-04-15,271.781961
2019-04-16,272.9176435
2019-04-17,274.587474
2019-04-18,277.1506471
2019-04-19,280.2280923
2019-04-20,283.3868202
2019-04-21,286.649512
2019-04-22,289.9860598
2019-04-23,292.8247602
2019-04-24,295.5046683
2019-04-25,297.674352
2019-04-26,299.4981764
2019-04-27,301.701155
2019-04-28,303.4099869
2019-04-29,304.3457274
2019-04-30,305.5629826
2019-05-01,308.0953758
2019-05-02,310.0685511
2019-05-03,312.6522226
2019-05-04,314.4995477
2019-05-05,316.0374017
2019-05-06,316.7221016
2019-05-07,317.9075011
2019-05-08,319.4869016
2019-05-09,320.7413418
2019-05-10,321.9975467
2019-05-11,323.6143317
2019-05-12,325.1458309
2019-05-13,326.0835621
2019-05-14,327.113156
2019-05-15,327.9851653
2019-05-16,328.8191352
2019-05-17,329.9250892
2019-05-18,332.255446
2019-05-19,334.7439956
2019-05-20,336.6423225
2019-05-21,338.4475461
2019-05-22,340.2954926
2019-05-23,342.2963304
2019-05-24,344.664384
2019-05-25,347.2599905
2019-05-26,350.4324093
2019-05-27,352.2913254
2019-05-28,353.7730183
2019-05-29,355.5965254
2019-05-30,358.1973303
2019-05-31,360.9528808
2019-06-01,364.1365799
2019-06-02,367.3813103
2019-06-03,370.0040648
2019-06-04,372.4531006
2019-06-05,374.8923846
2019-06-06,377.0001033
2019-06-07,379.7725474
2019-06-08,382.212383
2019-06-09,384.6658856
2019-06-10,386.7959688
2019-06-11,388.6954732
2019-06-12,390.7750021
2019-06-13,392.8591815
2019-06-14,395.0351716
2019-06-15,397.6199854
2019-06-16,399.9043814
2019-06-17,402.1325662
2019-06-18,404.1211406
2019-06-19,406.0071131
2019-06-20,408.0189771
2019-06-21,410.9876762
2019-06-22,413.5143417
2019-06-23,416.1656212
2019-06-24,418.209007
2019-06-25,420.3269948
2019-06-26,422.5174693
2019-06-27,424.5687997
2019-06-28,426.7367964
2019-06-29,429.3743247
2019-06-30,432.2379209
2019-07-01,434.2283233
2019-07-02,435.9522689
2019-07-03,437.7833369
2019-07-04,439.5659443
2019-07-05,441.0112222
2019-07-06,443.4652068
2019-07-07,445.8243255
2019-07-08,447.0992904
2019-07-09,448.0892708
2019-07-10,449.5050629
2019-07-11,451.0442016
2019-07-12,452.7660983
2019-07-13,454.9487213
2019-07-14,457.3248089
2019-07-15,458.9546477
2019-07-16,459.658649
2019-07-17,460.2088656
2019-07-18,460.9360366
2019-07-19,461.6912072
2019-07-20,463.0810372
2019-07-21,464.5661754
2019-07-22,465.4010903
2019-07-23,466.5807881
2019-07-24,467.5327913
2019-07-25,468.5476741
2019-07-26,469.4618277
2019-07-27,470.9707679
2019-07-28,472.655563
2019-07-29,473.8342154
2019-07-30,475.1549475
2019-07-31,477.2500501
2019-08-01,477.8649839
2019-08-02,479.4322001
2019-08-03,481.2222044
2019-08-04,483.1344741
2019-08-05,484.6154902
2019-08-06,486.1339148
2019-08-07,487.9412338
2019-08-08,489.6788323
2019-08-09,491.6614234
2019-08-10,494.0468201
2019-08-11,496.5041074
2019-08-12,498.4069122
2019-08-13,499.7573381
2019-08-14,501.4546592
2019-08-15,503.4247975
2019-08-16,505.2926157
2019-08-17,507.5576676
2019-08-18,509.5594663
2019-08-19,512.1239229
2019-08-20,513.9693404
2019-08-21,515.7691493
2019-08-22,517.6362609
2019-08-23,517.8529552
2019-08-24,519.6785762
2019-08-25,521.5702597
2019-08-26,522.7909305
2019-08-27,523.6668891
2019-08-28,524.3067009
2019-08-29,525.0327889
2019-08-30,526.0481931
2019-08-31,527.5050726
2019-09-01,529.1880653
2019-09-02,530.1819623
2019-09-03,531.0031751
2019-09-04,531.7480478
2019-09-05,532.2107627
2019-09-06,532.5527393
2019-09-07,533.0391429
2019-09-08,533.585802
2019-09-09,533.8848839
2019-09-10,534.3399928
2019-09-11,535.0103273
2019-09-12,535.8467268
2019-09-13,536.5328767
2019-09-14,537.4578655
2019-09-15,538.5934051
2019-09-16,539.3191123
2019-09-17,539.9170422
2019-09-18,540.3127764
2019-09-19,540.2308143
2019-09-20,540.2582028
2019-09-21,541.011184
2019-09-22,541.9910729
2019-09-23,542.28157
2019-09-24,542.4916484
2019-09-25,542.2305465
2019-09-26,542.3548286
2019-09-27,542.9503533
2019-09-28,544.0347518
2019-09-29,545.3917079
2019-09-30,546.0733162
2019-10-01,545.6741755
2019-10-02,546.0359672
2019-10-03,545.8855702
2019-10-04,545.6761157
2019-10-05,546.156551
2019-10-06,546.7379732
2019-10-07,547.5011255
2019-10-08,547.1890325
2019-10-09,546.6912881
2019-10-10,552.7471055
2019-10-11,552.6715954
2019-10-12,553.5344442
2019-10-13,554.8965373
2019-10-14,555.2307923
2019-10-15,555.4438293
2019-10-16,555.6646568
2019-10-17,555.8077354
2019-10-18,555.8053491
2019-10-19,556.2253582
2019-10-20,555.2721876
2019-10-21,555.2659787
2019-10-22,555.087801
2019-10-23,555.101848
2019-10-24,555.1346258
2019-10-25,555.3296339
2019-10-26,556.1720982
2019-10-27,556.7050162
2019-10-28,556.3736926
2019-10-29,555.5315508
2019-10-30,554.5605228
2019-10-31,553.0290341
2019-11-01,553.2834322
2019-11-02,554.1952515
2019-11-03,555.020104
2019-11-04,555.3572064
2019-11-05,555.248679
2019-11-06,555.0896613
2019-11-07,554.9819575
2019-11-08,554.3944361
2019-11-09,554.1501504
2019-11-10,553.7815134
2019-11-11,552.8258614
2019-11-12,551.6049204
2019-11-13,550.3919946
2019-11-14,549.0071322
2019-11-15,547.5366983
2019-11-16,546.4880583
2019-11-17,545.4918128
2019-11-18,544.004492
2019-11-19,541.9290601
2019-11-20,538.8320742
2019-11-21,536.2601902
2019-11-22,534.7130713
2019-11-23,534.5675035
2019-11-24,534.4484391
2019-11-25,533.6937683
2019-11-26,533.5633457
2019-11-27,533.7286894
2019-11-28,533.7983496
2019-11-29,533.3760667
2019-11-30,532.6208019
2019-12-01,531.5054585
2019-12-02,529.647478
2019-12-03,527.8091946
2019-12-04,525.6816421
2019-12-05,523.1112328
2019-12-06,521.3106429
2019-12-07,521.1342818
2019-12-08,521.6495121
2019-12-09,520.563434
2019-12-10,518.6862648
2019-12-11,516.4199546
2019-12-12,514.1450011
2019-12-13,512.5440533
2019-12-14,512.2935183
2019-12-15,512.2351427
2019-12-16,511.4058566
2019-12-17,510.8157905
2019-12-18,510.0893236
2019-12-19,509.9788977
2019-12-20,509.8689011
2019-12-21,509.9910685
2019-12-22,510.1388731
2019-12-23,509.9559431
2019-12-24,510.0474246
2019-12-25,510.193228
2019-12-26,509.9643689
2019-12-27,509.1417225
2019-12-28,508.066448
2019-12-29,506.6881647
2019-12-30,505.0197611
2019-12-31,500.1978451
2020-01-01,501.5200521
2020-01-02,498.8180129
2020-01-03,497.0239081
2020-01-04,495.3127099
2020-01-05,493.5003143
2020-01-06,490.9740564
2020-01-07,488.2089566
2020-01-08,485.7297177
2020-01-09,483.717373
2020-01-10,481.8551262
2020-01-11,479.8546636
2020-01-12,477.9656056
2020-01-13,475.8429568
2020-01-14,473.4987914
2020-01-15,471.0071351
2020-01-16,468.4760355
2020-01-17,465.4934761
2020-01-18,462.6245402
2020-01-19,459.7816561
2020-01-20,455.446426
2020-01-21,450.9364254
2020-01-22,446.3325517
2020-01-23,441.8070381
2020-01-24,437.1108421
2020-01-25,433.4846246
2020-01-26,430.5898032
2020-01-27,427.5832831
2020-01-28,424.0889874
2020-01-29,420.3996494
2020-01-30,417.5972136
2020-01-31,415.317996
2020-02-01,414.7824261
2020-02-02,413.877345
2020-02-03,412.1065456
2020-02-04,409.4967206
2020-02-05,406.4376513
2020-02-06,402.4994693
2020-02-07,399.428436
2020-02-08,397.06488
2020-02-09,395.8666111
2020-02-10,394.0530635
2020-02-11,391.4488359
2020-02-12,388.3858253
2020-02-13,385.3533965
2020-02-14,382.784883
2020-02-15,381.8872559
2020-02-16,381.5816554
2020-02-17,380.379589
2020-02-18,378.5513041
2020-02-19,376.3768277
2020-02-20,374.4985679
2020-02-21,372.6639353
2020-02-22,371.7027292
2020-02-23,371.0387277
2020-02-24,369.6954897
2020-02-25,367.9105253
2020-02-26,364.7160247
2020-02-27,361.1915682
2020-02-28,358.0860168
2020-02-29,356.9257333
2020-03-01,355.2293062
2020-03-02,352.388222
2020-03-03,350.3801017
2020-03-04,347.7003735
2020-03-05,345.0952681
2020-03-06,342.7280935
2020-03-07,341.2486517
2020-03-08,340.3441297
2020-03-09,338.6389851
2020-03-10,337.3072086
2020-03-11,336.7989573
2020-03-12,336.0577838
2020-03-13,334.4552739
2020-03-14,333.3762123
2020-03-15,332.8897621
2020-03-16,331.8335603
2020-03-17,331.3585639
2020-03-18,330.7645475
2020-03-19,330.2509407
2020-03-20,329.5882933
2020-03-21,329.1857985
2020-03-22,328.3352695
2020-03-23,326.9056993
2020-03-24,325.2252872
2020-03-25,323.7028169
2020-03-26,322.1766631
2020-03-27,321.6160964
2020-03-28,321.6553487
2020-03-29,321.2563405
2020-03-30,319.0325732
2020-03-31,311.8466432
2020-04-01,317.2546239
2020-04-02,317.0468393
2020-04-03,317.0094344
2020-04-04,317.9355184
2020-04-05,319.4408103
2020-04-06,320.7369053
2020-04-07,322.1654482
2020-04-08,324.036917
2020-04-09,325.9544766
2020-04-10,328.168845
2020-04-11,330.4906055
2020-04-12,333.5421781
2020-04-13,335.7960701
2020-04-14,337.0359861
2020-04-15,338.3812332
2020-04-16,340.1016945
2020-04-17,342.0488007
2020-04-18,344.6937918
2020-04-19,347.4322867
2020-04-20,349.7505292
2020-04-21,352.0728479
2020-04-22,354.4151612
2020-04-23,356.574416
2020-04-24,358.9245982
2020-04-25,361.38956
2020-04-26,363.6938458
2020-04-27,365.5797647
2020-04-28,367.3682457
2020-04-29,369.4820149
2020-04-30,372.2794809
2020-05-01,374.7826742
2020-05-02,377.040763
2020-05-03,379.28821
2020-05-04,381.2550009
2020-05-05,382.9848413
2020-05-06,384.8490699
2020-05-07,386.8747226
2020-05-08,389.3363093
2020-05-09,392.3680376
2020-05-10,395.5156769
2020-05-11,395.8040192
2020-05-12,396.2735352
2020-05-13,397.1926955
2020-05-14,398.2356125
2020-05-15,399.5468456
2020-05-16,401.580209
2020-05-17,404.0189988
2020-05-18,406.322944
2020-05-19,407.8932277
2020-05-20,409.6438161
2020-05-21,411.7754263
2020-05-22,414.3210297
2020-05-23,417.0052182
2020-05-24,419.0539561
2020-05-25,420.8620891
2020-05-26,422.5018019
2020-05-27,423.6144205
2020-05-28,424.6747946
2020-05-29,426.0120788
2020-05-30,427.9600001
2020-05-31,429.954659
2020-06-01,431.7379975
2020-06-02,433.0893554
2020-06-03,434.2883734
2020-06-04,435.6912988
2020-06-05,437.0164958
2020-06-06,438.7443183
2020-06-07,440.4046198
2020-06-08,441.3884785
2020-06-09,442.0042158
2020-06-10,442.5034957
2020-06-11,443.4222722
2020-06-12,444.7127072
2020-06-13,446.5697555
2020-06-14,448.5704398
2020-06-15,449.7562394
2020-06-16,450.7494276
2020-06-17,451.452472
2020-06-18,452.3540815
2020-06-19,453.3606724
2020-06-20,455.1145641
2020-06-21,457.0678835
2020-06-22,458.2695708
2020-06-23,459.3425851
2020-06-24,460.2299966
2020-06-25,461.0824217
2020-06-26,462.2372613
2020-06-27,463.8291818
2020-06-28,465.6004962
2020-06-29,466.8284836
2020-06-30,467.8718162
2020-07-01,468.8692678
2020-07-02,469.6477748
2020-07-03,471.215399
2020-07-04,473.1825772
2020-07-05,475.2589574
2020-07-06,476.2121046
2020-07-07,476.6198549
2020-07-08,476.8147419
2020-07-09,476.9333834
2020-07-10,477.6250285
2020-07-11,479.0511144
2020-07-12,480.7699797
2020-07-13,482.0612164
2020-07-14,481.8964751
2020-07-15,481.4208949
2020-07-16,481.0969851
2020-07-17,480.7804908
2020-07-18,480.6234171
2020-07-19,480.6218339
2020-07-20,480.4190628
2020-07-21,479.817163
2020-07-22,479.0395491
2020-07-23,478.4257499
2020-07-24,478.0455357
2020-07-25,477.9412744
2020-07-26,479.4031365
2020-07-27,480.3675838
2020-07-28,482.2076294
2020-07-29,482.4755513
2020-07-30,482.9840618
2020-07-31,481.2089811
2020-08-01,485.2451888
2020-08-02,486.7819091
2020-08-03,487.7917354
2020-08-04,488.6066763
2020-08-05,489.9521869
2020-08-06,490.8142888
2020-08-07,492.0207965
2020-08-08,493.5595605
2020-08-09,495.3210364
2020-08-10,496.6997583
2020-08-11,497.5128102
2020-08-12,498.4564687
2020-08-13,499.3413311
2020-08-14,500.5440528
2020-08-15,501.8433504
2020-08-16,503.693519
2020-08-17,504.8421233
2020-08-18,505.8214025
2020-08-19,506.6829206
2020-08-20,507.5735569
2020-08-21,508.8303242
2020-08-22,510.4553693
2020-08-23,511.613259
2020-08-24,512.1318057
2020-08-25,512.7890683
2020-08-26,513.4881344
2020-08-27,513.7187256
2020-08-28,512.2946822
2020-08-29,512.6995201
2020-08-30,513.3086727
2020-08-31,513.3621633
2020-09-01,513.7686781
2020-09-02,514.4561977
2020-09-03,515.4716473
2020-09-04,516.5371987
2020-09-05,518.0442143
2020-09-06,519.5768756
2020-09-07,520.5392025
2020-09-08,521.4317348
2020-09-09,522.293015
2020-09-10,523.212812
2020-09-11,524.1569003
2020-09-12,525.777972
2020-09-13,527.5238623
2020-09-14,528.58535
2020-09-15,529.3038073
2020-09-16,529.6272573
2020-09-17,528.6269227
2020-09-18,529.4814732
2020-09-19,530.7282534
2020-09-20,531.972909
2020-09-21,532.3482602
2020-09-22,532.9994057
2020-09-23,533.5992057
2020-09-24,534.6026645
2020-09-25,535.3978823
2020-09-26,536.1162059
2020-09-27,536.5060569
2020-09-28,535.8762375
2020-09-29,531.4510346
2020-09-30,534.841164
2020-10-01,534.8909133
2020-10-02,535.1385031
2020-10-03,536.0936443
2020-10-04,537.1608516
2020-10-05,537.160808
2020-10-06,537.182222
2020-10-07,537.1253526
2020-10-08,537.2159287
2020-10-09,537.5313044
2020-10-10,538.4826468
2020-10-11,538.9189022
2020-10-12,538.542698
2020-10-13,537.7168566
2020-10-14,536.5913611
2020-10-15,535.2686274
2020-10-16,533.8161987
2020-10-17,532.8397165
2020-10-18,532.5411378
2020-10-19,531.6549606
2020-10-20,531.0879899
2020-10-21,530.8780285
2020-10-22,530.590023
2020-10-23,530.4527421
2020-10-24,531.4329651
2020-10-25,532.5098147
2020-10-26,521.6256529
2020-10-27,531.4931853
2020-10-28,531.0750232
2020-10-29,530.7996032
2020-10-30,531.0294754
2020-10-31,531.6460663
2020-11-01,533.4555682
2020-11-02,534.5358096
2020-11-03,534.426057
2020-11-04,533.3013579
2020-11-05,532.81364
2020-11-06,531.8613264
2020-11-07,531.8103562
2020-11-08,531.941321
2020-11-09,531.1767548
2020-11-10,529.5652262
2020-11-11,528.738858
2020-11-12,527.908638
2020-11-13,527.1499691
2020-11-14,527.4556353
2020-11-15,528.0990582
2020-11-16,527.7483094
2020-11-17,527.1277995
2020-11-18,527.0043565
2020-11-19,526.4992712
2020-11-20,524.8161014
2020-11-21,523.869805
2020-11-22,522.8611076
2020-11-23,521.6192254
2020-11-24,518.965702
2020-11-25,516.2435786
2020-11-26,513.4030274
2020-11-27,510.4252777
2020-11-28,507.5697045
2020-11-29,504.3068811
2020-11-30,500.2179733
2020-12-01,495.9429694
2020-12-02,491.4825451
2020-12-03,487.280874
2020-12-04,483.4570606
2020-12-05,480.123362
2020-12-06,477.0297128
2020-12-07,473.0602237
2020-12-08,469.0695857
2020-12-09,464.1777308
2020-12-10,459.4836071
2020-12-11,455.2861539
2020-12-12,452.3669097
2020-12-13,450.0701989
2020-12-14,447.511663
2020-12-15,444.6203447
2020-12-16,442.1167285
2020-12-17,439.9622284
2020-12-18,438.0144676
2020-12-19,437.0335191
2020-12-20,435.8067148
2020-12-21,433.9952847
2020-12-22,432.5964885
2020-12-23,431.7865406
2020-12-24,430.6183191
2020-12-25,428.7284471
2020-12-26,426.5776263
2020-12-27,424.2924119
2020-12-28,421.2985161
2020-12-29,418.0353848
2020-12-30,414.5484489
2020-12-31,407.9964678
2021-01-01,408.1095104
2021-01-02,404.4475787
2021-01-03,400.5088624
2021-01-04,395.0766589
2021-01-05,389.2454004
2021-01-06,383.260722
2021-01-07,376.7932795
2021-01-08,370.4279208
2021-01-09,364.70937
2021-01-10,359.2270357
2021-01-11,353.0465584
2021-01-12,347.0719576
2021-01-13,341.2148413
2021-01-14,335.0464532
2021-01-15,328.2132892
2021-01-16,322.1716656
2021-01-17,316.8343297
2021-01-18,310.7544693
2021-01-19,305.6691626
2021-01-20,301.8868801
2021-01-21,298.741216
2021-01-22,294.9660661
2021-01-23,291.1971473
2021-01-24,287.0198074
2021-01-25,281.4975792
2021-01-26,276.0651973
2021-01-27,270.7461256
2021-01-28,266.7785146
2021-01-29,263.5931461
2021-01-30,260.094033
2021-01-31,256.1858706
2021-02-01,251.9717084
2021-02-02,248.5780545
2021-02-03,246.0198424
2021-02-04,242.9432269
2021-02-05,240.2162604
2021-02-06,237.8851822
2021-02-07,234.2181882
2021-02-08,228.2892869
2021-02-09,221.6206352
2021-02-10,214.8260867
2021-02-11,208.2354957
2021-02-12,201.7030259
2021-02-13,195.4808578
2021-02-14,190.2651441
2021-02-15,184.9298453
2021-02-16,181.5317215
2021-02-17,179.3765978
2021-02-18,177.6111583
2021-02-19,175.7334448
2021-02-20,175.0927316
2021-02-21,174.6024959
2021-02-22,173.207053
2021-02-23,172.5711942
2021-02-24,172.5839283
2021-02-25,171.8673258
2021-02-26,170.9019532
2021-02-27,169.9600004
2021-02-28,168.8350568
2021-03-01,166.9435447
2021-03-02,165.3145123
2021-03-03,163.4365066
2021-03-04,161.0800014
2021-03-05,158.4082369
2021-03-06,156.4128002
2021-03-07,154.3650454
2021-03-08,151.7247654
2021-03-09,149.0387767
2021-03-10,147.1932458
2021-03-11,146.5027915
2021-03-12,145.8344869
2021-03-13,145.3277347
2021-03-14,144.5214124
2021-03-15,143.6909073
2021-03-16,142.155239
2021-03-17,140.4035255
2021-03-18,138.2427484
2021-03-19,136.4712584
2021-03-20,135.6364027
2021-03-21,135.2051727
2021-03-22,133.6907671
2021-03-23,132.7760177
2021-03-24,132.4663202
2021-03-25,132.3001774
2021-03-26,133.0301713
2021-03-27,133.6997391
2021-03-28,134.5976782
2021-03-29,135.2905841
2021-03-30,136.3452372
2021-03-31,136.7433999
2021-04-01,140.8622043
2021-04-02,142.0706024
2021-04-03,143.3868819
2021-04-04,144.7529122
2021-04-05,144.9983138
2021-04-06,143.4044987
2021-04-07,141.1826236
2021-04-08,139.2175467
2021-04-09,137.9634022
2021-04-10,137.3840152
2021-04-11,136.9372775
2021-04-12,134.4242517
2021-04-13,131.6162019
2021-04-14,129.2230963
2021-04-15,126.8717023
2021-04-16,125.5594463
2021-04-17,125.1154267
2021-04-18,125.0802757
2021-04-19,124.4661481
2021-04-20,124.3768462
2021-04-21,124.7139506
2021-04-22,125.1405697
2021-04-23,125.5777957
2021-04-24,127.0697229
2021-04-25,128.5130205
2021-04-26,129.1542945
2021-04-27,129.8178945
2021-04-28,130.3160863
2021-04-29,130.5187062
2021-04-30,130.238103
2021-05-01,130.677027
2021-05-02,131.1531409
2021-05-03,131.0272177
2021-05-04,131.073808
2021-05-05,130.31838
2021-05-06,129.3971903
2021-05-07,129.0232236
2021-05-08,130.2538755
2021-05-09,132.5500059
2021-05-10,134.7965663
2021-05-11,136.424696
2021-05-12,137.9443683
2021-05-13,139.8651019
2021-05-14,141.3791845
2021-05-15,142.8769271
2021-05-16,144.5230201
2021-05-17,146.9828865
2021-05-18,147.279725
2021-05-19,147.8898932
2021-05-20,149.2802528
2021-05-21,151.0154594
2021-05-22,152.9140701
2021-05-23,155.1169209
2021-05-24,157.0619084
2021-05-25,158.2289478
2021-05-26,159.1182354
2021-05-27,159.9781777
2021-05-28,161.357963
2021-05-29,163.7605868
2021-05-30,166.4618306
2021-05-31,167.8533781
2021-06-01,170.3018812
2021-06-02,172.8709806
2021-06-03,175.5924249
2021-06-04,178.2408307
2021-06-05,181.062993
2021-06-06,183.883909
2021-06-07,185.8367418
2021-06-08,187.5561234
2021-06-09,188.6685998
2021-06-10,190.1168863
2021-06-11,191.7092819
2021-06-12,194.1409192
2021-06-13,196.7849177
2021-06-14,198.7451517
2021-06-15,200.2080097
2021-06-16,201.8001506
2021-06-17,203.1427705
2021-06-18,205.2081805
2021-06-19,207.3889093
2021-06-20,209.6429163
2021-06-21,211.6727257
2021-06-22,212.9139374
2021-06-23,214.133266
2021-06-24,215.4141159
2021-06-25,216.9981057
2021-06-26,219.1259185
2021-06-27,221.5019436
2021-06-28,223.4378598
2021-06-29,225.2157753
2021-06-30,225.4663114
2021-07-01,227.5428775
2021-07-02,228.9106426
2021-07-03,231.4585789
2021-07-04,234.3398976
2021-07-05,236.9032862
2021-07-06,238.635759
2021-07-07,240.2606337
2021-07-08,241.8481236
2021-07-09,243.7100858
2021-07-10,246.0760404
2021-07-11,248.56341
2021-07-12,250.4936411
2021-07-13,251.651138
2021-07-14,252.5060414
2021-07-15,253.3765167
2021-07-16,254.6898735
2021-07-17,256.5097169
2021-07-18,258.351039
2021-07-19,259.7218037
2021-07-20,260.7947925
2021-07-21,261.8008693
2021-07-22,262.6541772
2021-07-23,264.7214065
2021-07-24,267.3147281
2021-07-25,269.897668
2021-07-26,271.969654
2021-07-27,274.1116303
2021-07-28,276.4413181
2021-07-29,278.7373146
2021-07-30,280.4433371
2021-07-31,283.3794862
2021-08-01,286.2050083
2021-08-02,288.2872967
2021-08-03,290.1112436
2021-08-04,292.0655863
2021-08-05,294.0595914
2021-08-06,296.6300191
2021-08-07,299.0415749
2021-08-08,301.4622904
2021-08-09,303.3321529
2021-08-10,305.3733997
2021-08-11,307.3160473
2021-08-12,309.2841988
2021-08-13,311.6029789
2021-08-14,313.6589374
2021-08-15,316.9394624
2021-08-16,318.9012562
2021-08-17,320.8401485
2021-08-18,322.6593724
2021-08-19,324.4802079
2021-08-20,326.4640426
2021-08-21,328.8527022
2021-08-22,331.3428249
2021-08-23,333.6309621
2021-08-24,336.1430196
2021-08-25,338.4414937
2021-08-26,340.7153123
2021-08-27,343.175779
2021-08-28,345.5772538
2021-08-29,348.0359022
2021-08-30,350.2653758
2021-08-31,352.254332
2021-09-01,353.9755682
2021-09-02,355.6275523
2021-09-03,357.3144274
2021-09-04,359.335882
2021-09-05,361.5954766
2021-09-06,362.9750937
2021-09-07,364.2180909
2021-09-08,365.7293758
2021-09-09,367.2768649
2021-09-10,368.7171122
2021-09-11,370.813891
2021-09-12,372.8310536
2021-09-13,374.0260148
2021-09-14,375.0257167
2021-09-15,375.7290133
2021-09-16,376.5429443
2021-09-17,377.8959264
2021-09-18,379.8573486
2021-09-19,381.9296144
2021-09-20,383.2432737
2021-09-21,384.4206342
2021-09-22,385.6742803
2021-09-23,387.4872876
2021-09-24,389.4105741
2021-09-25,391.9762426
2021-09-26,394.4289832
2021-09-27,396.7757987
2021-09-28,398.7828259
2021-09-29,400.7664861
2021-09-30,403.1603059
2021-10-01,404.6499715
2021-10-02,406.4129197
2021-10-03,408.5472734
2021-10-04,409.7057948
2021-10-05,410.7439745
2021-10-06,411.352844
2021-10-07,411.5211231
2021-10-08,412.3212503
2021-10-09,413.8194757
2021-10-10,419.9180351
2021-10-11,420.2709837
2021-10-12,420.3741499
2021-10-13,419.9009992
2021-10-14,419.9123794
2021-10-15,420.009019
2021-10-16,420.7125114
2021-10-17,421.4164628
2021-10-18,421.6080043
2021-10-19,422.1783641
2021-10-20,423.3449221
2021-10-21,423.0734847
2021-10-22,422.5387774
2021-10-23,422.2186426
2021-10-24,422.2394719
2021-10-25,421.4669077
2021-10-26,421.0079197
2021-10-27,421.8180991
2021-10-28,421.992201
2021-10-29,422.1146711
2021-10-30,422.7723591
2021-10-31,423.4561681
2021-11-01,423.7426773
2021-11-02,422.1823418
2021-11-03,420.0658927
2021-11-04,418.312535
2021-11-05,416.727985
2021-11-06,416.229398
2021-11-07,415.9822211
2021-11-08,414.2682148
2021-11-09,412.45053
2021-11-10,410.7545161
2021-11-11,408.8253641
2021-11-12,406.7275702
2021-11-13,405.8481999
2021-11-14,405.4920816
2021-11-15,403.6430395
2021-11-16,401.2617512
2021-11-17,399.4589609
2021-11-18,398.1015201
2021-11-19,397.4859491
2021-11-20,396.9990204
2021-11-21,396.1547742
2021-11-22,393.7981443
2021-11-23,390.7764225
2021-11-24,387.041905
2021-11-25,383.4641874
2021-11-26,379.9087571
2021-11-27,376.9129961
2021-11-28,373.7722184
2021-11-29,369.6173425
2021-11-30,366.1866106
2021-12-01,363.0220041
2021-12-02,358.9874783
2021-12-03,354.9918118
2021-12-04,352.1813558
2021-12-05,349.3935222
2021-12-06,345.3437271
2021-12-07,341.2792264
2021-12-08,337.1246341
2021-12-09,332.8612836
2021-12-10,328.7658227
2021-12-11,325.4482981
2021-12-12,323.0678092
2021-12-13,319.7319635
2021-12-14,316.5577042
2021-12-15,313.6852376
2021-12-16,310.7290354
2021-12-17,307.7566032
2021-12-18,305.243515
2021-12-19,302.6358268
2021-12-20,298.2699216
2021-12-21,293.0225323
2021-12-22,287.4006445
2021-12-23,283.128247
2021-12-24,281.1047463
2021-12-25,279.6431078
2021-12-26,278.0330655
2021-12-27,276.8369057
2021-12-28,276.0757292
2021-12-29,276.5540597
2021-12-30,277.4972169
2021-12-31,277.2016281
2022-01-01,281.8162871
2022-01-02,283.0607487
2022-01-03,283.0235306
2022-01-04,281.9894542
2022-01-05,279.699447
2022-01-06,276.7251506
2022-01-07,273.6200322
2022-01-08,271.339161
2022-01-09,269.0072575
2022-01-10,264.7638142
2022-01-11,260.0212637
2022-01-12,255.2433157
2022-01-13,250.5874312
2022-01-14,246.040139
2022-01-15,242.5464997
2022-01-16,239.7432676
2022-01-17,236.0231682
2022-01-18,231.9131824
2022-01-19,228.2373897
2022-01-20,224.3231258
2022-01-21,220.0743308
2022-01-22,216.4910809
2022-01-23,213.3189018
2022-01-24,209.1674413
2022-01-25,204.67069
2022-01-26,200.2813549
2022-01-27,196.882617
2022-01-28,193.6441334
2022-01-29,192.0024261
2022-01-30,190.4579267
2022-01-31,187.6764866
2022-02-01,184.4363845
2022-02-02,182.262543
2022-02-03,180.3191424
2022-02-04,178.7305141
2022-02-05,177.7783172
2022-02-06,177.025196
2022-02-07,175.0542838
2022-02-08,173.1995689
2022-02-09,171.4067664
2022-02-10,169.1611079
2022-02-11,166.5476537
2022-02-12,164.3910068
2022-02-13,162.9879712
2022-02-14,161.3383937
2022-02-15,159.5511484
2022-02-16,158.2420769
2022-02-17,157.1129495
2022-02-18,155.9126263
2022-02-19,154.4634921
2022-02-20,153.3533
2022-02-21,151.3098129
2022-02-22,149.1012205
2022-02-23,147.482934
2022-02-24,146.0321262
2022-02-25,144.0065806
2022-02-26,142.5320434
2022-02-27,141.4253896
2022-02-28,139.2472919
2022-03-01,136.6739136
2022-03-02,134.4674896
2022-03-03,132.4676718
2022-03-04,130.7404527
2022-03-05,130.0581287
2022-03-06,128.0633451
2022-03-07,125.4808097
2022-03-08,123.5021035
2022-03-09,122.1330355
2022-03-10,122.0906162
2022-03-11,121.7335481
2022-03-12,122.3340852
2022-03-13,122.8579333
2022-03-14,122.1238637
2022-03-15,121.3489683
2022-03-16,120.9467964
2022-03-17,120.7176253
2022-03-18,120.5119497
2022-03-19,121.783887
2022-03-20,122.5168802
2022-03-21,122.6207423
2022-03-22,123.0845264
2022-03-23,123.807248
2022-03-24,124.9087519
2022-03-25,126.6369411
2022-03-26,128.7791707
2022-03-27,130.7589008
2022-03-28,131.9007956
2022-03-29,132.9994476
2022-03-30,133.3415453
2022-03-31,132.3525867
2022-04-01,131.4372984
2022-04-02,131.1251938
2022-04-03,130.5859354
2022-04-04,129.6397648
2022-04-05,129.1044548
2022-04-06,130.0571708
2022-04-07,131.4515055
2022-04-08,132.3790888
2022-04-09,133.6574328
2022-04-10,134.9875965
2022-04-11,136.1685083
2022-04-12,137.9972943
2022-04-13,140.0497414
2022-04-14,142.232487
2022-04-15,144.6604836
2022-04-16,147.6953833
2022-04-17,150.8127037
2022-04-18,153.7572535
2022-04-19,155.957613
2022-04-20,157.6759288
2022-04-21,159.5564245
2022-04-22,161.6558736
2022-04-23,164.2149105
2022-04-24,166.8738136
2022-04-25,168.2734483
2022-04-26,169.4339004
2022-04-27,170.5366072
2022-04-28,172.3238194
2022-04-29,175.0626652
2022-04-30,177.180864
2022-05-01,180.0562433
2022-05-02,182.4011906
2022-05-03,184.869033
2022-05-04,187.4046505
2022-05-05,189.9232408
2022-05-06,192.1274954
2022-05-07,195.1571494
2022-05-08,198.1797516
2022-05-09,200.5836473
2022-05-10,202.8281134
2022-05-11,205.0943784
2022-05-12,207.1693684
2022-05-13,209.8796959
2022-05-14,213.1743791
2022-05-15,216.5864148
2022-05-16,219.2430761
2022-05-17,221.9430262
2022-05-18,224.3078847
2022-05-19,226.7009559
2022-05-20,229.3339517
2022-05-21,232.8411904
2022-05-22,236.4265595
2022-05-23,239.3256626
2022-05-24,241.9158437
2022-05-25,244.7872601
2022-05-26,247.7621125
2022-05-27,251.0108395
2022-05-28,253.9947567
2022-05-29,256.7618729
2022-05-30,258.5780789
2022-05-31,260.3494008
2022-06-01,262.4452383
2022-06-02,264.5643288
2022-06-03,267.0969288
2022-06-04,270.3634172
2022-06-05,273.5611165
2022-06-06,276.6258282
2022-06-07,278.9173862
2022-06-08,280.4406898
2022-06-09,281.1913366
2022-06-10,282.6925547
2022-06-11,285.7837661
2022-06-12,289.172289
2022-06-13,291.5023683
2022-06-14,293.6392061
2022-06-15,295.6854796
2022-06-16,297.9376605
2022-06-17,300.2648453
2022-06-18,302.9630639
2022-06-19,305.6799333
2022-06-20,307.7511305
2022-06-21,310.0011654
2022-06-22,311.9305093
2022-06-23,313.8708761
2022-06-24,316.0275981
2022-06-25,318.4446668
2022-06-26,320.8527593
2022-06-27,322.6870232
2022-06-28,324.3601692
2022-06-29,325.8963045
2022-06-30,327.1785695
2022-07-01,329.2448656
2022-07-02,331.5457416
2022-07-03,334.0800515
2022-07-04,336.2572146
2022-07-05,338.3467204
2022-07-06,340.5528221
2022-07-07,343.1476563
2022-07-08,345.1767865
2022-07-09,347.9766392
2022-07-10,350.7516609
2022-07-11,351.8632439
2022-07-12,352.7380573
2022-07-13,353.8746768
2022-07-14,355.3915793
2022-07-15,357.0420492
2022-07-16,359.0939297
2022-07-17,361.31472
2022-07-18,362.8762064
2022-07-19,364.0047723
2022-07-20,365.376878
2022-07-21,366.8699235
2022-07-22,368.8794661
2022-07-23,371.5263614
2022-07-24,374.443769
2022-07-25,377.1090017
2022-07-26,379.5640052
2022-07-27,381.1342035
2022-07-28,381.04818
2022-07-29,383.2789566
2022-07-30,386.1352874
2022-07-31,389.1025691
2022-08-01,391.7989318
2022-08-02,394.5395125
2022-08-03,397.1407447
2022-08-04,399.5249791
2022-08-05,402.2076218
2022-08-06,405.054845
2022-08-07,408.2030975
2022-08-08,410.7005274
2022-08-09,413.3436782
2022-08-10,416.0869728
2022-08-11,418.5673434
2022-08-12,420.984261
2022-08-13,423.8582368
2022-08-14,426.7587215
2022-08-15,429.2228943
2022-08-16,431.7389909
2022-08-17,433.8825268
2022-08-18,436.365275
2022-08-19,438.9519916
2022-08-20,442.034202
2022-08-21,445.01935
2022-08-22,447.310317
2022-08-23,449.5978828
2022-08-24,451.7915087
2022-08-25,454.1157524
2022-08-26,456.3155501
2022-08-27,458.7876106
2022-08-28,461.3332327
2022-08-29,463.2032622
2022-08-30,464.8386198
2022-08-31,466.690929
2022-09-01,468.4325991
2022-09-02,470.8681453
2022-09-03,473.6629063
2022-09-04,476.6009396
2022-09-05,478.8779294
2022-09-06,480.8733024
2022-09-07,482.2221019
2022-09-08,484.1828667
2022-09-09,486.0946908
2022-09-10,488.1584906
2022-09-11,490.3129492
2022-09-12,491.8673453
2022-09-13,493.231224
2022-09-14,494.5605826
2022-09-15,496.1048572
2022-09-16,498.1348757
2022-09-17,500.3810435
2022-09-18,502.5340515
2022-09-19,504.0284034
2022-09-20,505.2458863
2022-09-21,506.4010067
2022-09-22,507.628701
2022-09-23,508.8880269
2022-09-24,510.8149774
2022-09-25,512.878963
2022-09-26,514.4023262
2022-09-27,515.5134351
2022-09-28,516.1360716
2022-09-29,517.2662929
2022-09-30,518.414329
2022-10-01,520.2495545
2022-10-02,522.2764759
2022-10-03,523.7137111
2022-10-04,524.6860147
2022-10-05,525.8236688
2022-10-06,526.9585653
2022-10-07,528.2342574
2022-10-08,529.9944886
2022-10-09,531.5199713
2022-10-10,532.6058553
2022-10-11,532.9261701
2022-10-12,533.3092201
2022-10-13,533.5330609
2022-10-14,534.4294156
2022-10-15,535.8315361
2022-10-16,537.4963236
2022-10-17,538.5691605
2022-10-18,539.2308217
2022-10-19,539.6166482
2022-10-20,539.7376708
2022-10-21,539.9919622
2022-10-22,540.9721759
2022-10-23,542.153775
2022-10-24,543.1839598
2022-10-25,543.2596827
2022-10-26,543.2261941
2022-10-27,543.5109784
2022-10-28,544.0820635
2022-10-29,545.1637409
2022-10-30,546.3288984
2022-10-31,546.9949459
2022-11-01,547.9569924
2022-11-02,548.6014165
2022-11-03,548.4185049
2022-11-04,548.4725513
2022-11-05,548.830735
2022-11-06,549.4858143
2022-11-07,549.6355545
2022-11-08,549.9129752
2022-11-09,550.15497
2022-11-10,550.4707054
2022-11-11,550.6406002
2022-11-12,551.1165579
2022-11-13,551.6308188
2022-11-14,551.1284979
2022-11-15,550.7347218
2022-11-16,550.9383087
2022-11-17,550.9636062
2022-11-18,550.4428418
2022-11-19,549.831761
2022-11-20,549.0962929
2022-11-21,547.9285071
2022-11-22,546.5344346
2022-11-23,545.6950836
2022-11-24,544.9210565
2022-11-25,544.2172534
2022-11-26,544.1668117
2022-11-27,544.1280861
2022-11-28,542.7435538
2022-11-29,540.5106027
2022-11-30,538.295712
2022-12-01,536.5385981
2022-12-02,533.6432707
2022-12-03,531.6979258
2022-12-04,529.9538717
2022-12-05,527.5336244
2022-12-06,524.7521912
2022-12-07,521.5831415
2022-12-08,518.2545772
2022-12-09,514.6866923
2022-12-10,511.3686936
2022-12-11,507.9376838
2022-12-12,503.1538673
2022-12-13,497.2251428
2022-12-14,492.1663303
2022-12-15,487.3410764
2022-12-16,483.0515568
2022-12-17,479.8520653
2022-12-18,477.526625
2022-12-19,475.4240027
2022-12-20,474.3010687
2022-12-21,474.1127292
2022-12-22,474.3500867
2022-12-23,474.8288918
2022-12-24,475.8160531
2022-12-25,477.2128193
2022-12-26,478.3233133
2022-12-27,478.6587531
2022-12-28,479.6417069
2022-12-29,480.1349557
2022-12-30,481.0214021
2022-12-31,478.540683
2023-01-01,483.9431886
2023-01-02,484.4294841
2023-01-03,484.1922086
2023-01-04,483.8814781
2023-01-05,483.3424179
2023-01-06,483.2865427
2023-01-07,483.3868076
2023-01-08,483.1633539
2023-01-09,482.0207741
2023-01-10,480.7528277
2023-01-11,479.8070685
2023-01-12,478.9459064
2023-01-13,477.8347949
2023-01-14,476.9424756
2023-01-15,475.8095556
2023-01-16,473.0223232
2023-01-17,469.6848011
2023-01-18,466.4806806
2023-01-19,462.283995
2023-01-20,457.7937238
2023-01-21,454.0099337
2023-01-22,450.2171933
2023-01-23,445.454124
2023-01-24,440.5113348
2023-01-25,435.5419594
2023-01-26,430.8084828
2023-01-27,426.033868
2023-01-28,422.0115155
2023-01-29,418.6100387
2023-01-30,415.1708113
2023-01-31,412.144176
2023-02-01,408.917146
2023-02-02,406.2017836
2023-02-03,403.9874939
2023-02-04,402.1142853
2023-02-05,399.9993013
2023-02-06,396.0225027
2023-02-07,391.8801403
2023-02-08,387.5611585
2023-02-09,383.1487485
2023-02-10,379.4510359
2023-02-11,376.743214
2023-02-12,375.3060869
2023-02-13,372.0107174
2023-02-14,369.1323697
2023-02-15,366.4762159
2023-02-16,364.6236751
2023-02-17,363.4119967
2023-02-18,362.9920331
2023-02-19,362.5131803
2023-02-20,361.2280835
2023-02-21,360.3264279
2023-02-22,358.2017442
2023-02-23,356.6385612
2023-02-24,354.873541
2023-02-25,353.6520742
2023-02-26,351.9678778
2023-02-27,349.7678708
2023-02-28,346.4412543
2023-03-01,342.8029518
2023-03-02,339.5742593
2023-03-03,336.3947665
2023-03-04,334.2193421
2023-03-05,330.1526669
2023-03-06,328.2868115
2023-03-07,324.5260382
2023-03-08,320.7511638
2023-03-09,317.7834449
2023-03-10,315.3209404
2023-03-11,312.7893191
2023-03-12,312.3258152
2023-03-13,311.899669
2023-03-14,310.6967623
2023-03-15,308.560433
2023-03-16,306.9702081
2023-03-17,306.5731242
2023-03-18,307.0333578
2023-03-19,307.3534513
2023-03-20,306.6302129
2023-03-21,306.3492989
2023-03-22,306.5617556
2023-03-23,306.910487
2023-03-24,307.962919
2023-03-25,308.946589
2023-03-26,309.4916939
2023-03-27,308.4921452
2023-03-28,306.9490529
2023-03-29,306.479663
2023-03-30,307.1313091
2023-03-31,307.7188772
2023-04-01,311.1753563
2023-04-02,311.6791818
2023-04-03,311.3690498
2023-04-04,310.6290217
2023-04-05,310.0273471
2023-04-06,309.4169283
2023-04-07,309.4939196
2023-04-08,310.188997
2023-04-09,311.4300376
2023-04-10,313.0078087
2023-04-11,314.0035325
2023-04-12,314.4103777
2023-04-13,314.1028935
2023-04-14,314.2999611
2023-04-15,315.2684014
2023-04-16,316.1263584
2023-04-17,316.6449136
2023-04-18,317.3790352
2023-04-19,318.6231368
2023-04-20,319.3778985
2023-04-21,320.682787
2023-04-22,322.7727901
2023-04-23,325.1064835
2023-04-24,326.9192635
2023-04-25,328.2069751
2023-04-26,328.3477645
2023-04-27,329.3359961
2023-04-28,330.8511866
2023-04-29,333.0257631
2023-04-30,335.6438791
2023-05-01,338.1149785
2023-05-02,339.4824665
2023-05-03,340.7866323
2023-05-04,341.6804288
2023-05-05,343.52228
2023-05-06,345.5208361
2023-05-07,347.8709423
2023-05-08,349.9731728
2023-05-09,351.570689
2023-05-10,353.0244054
2023-05-11,354.4940175
2023-05-12,356.3001674
2023-05-13,358.7953749
2023-05-14,361.4252808
2023-05-15,363.3003737
2023-05-16,364.7709471
2023-05-17,366.2338576
2023-05-18,368.069653
2023-05-19,370.0755722
2023-05-20,372.5587996
2023-05-21,375.2248852
2023-05-22,376.7046
2023-05-23,377.8767176
2023-05-24,378.7023917
2023-05-25,379.7798109
2023-05-26,381.3884348
2023-05-27,383.2352546
2023-05-28,385.3347803
2023-05-29,387.1864605
2023-05-30,388.4225909
2023-05-31,389.5628518
2023-06-01,390.7783442
2023-06-02,392.4890806
2023-06-03,394.4151689
2023-06-04,396.4096776
2023-06-05,397.5720044
2023-06-06,398.6515645
2023-06-07,399.5655358
2023-06-08,401.0269252
2023-06-09,402.8171558
2023-06-10,405.1427675
2023-06-11,407.5627127
2023-06-12,409.4095004
2023-06-13,411.2164588
2023-06-14,412.7797209
2023-06-15,414.0814716
2023-06-16,415.7147149
2023-06-17,417.5503468
2023-06-18,419.7150184
2023-06-19,421.2927692
2023-06-20,422.2892441
2023-06-21,423.1341807
2023-06-22,423.6146789
2023-06-23,424.6298598
2023-06-24,426.4880678
2023-06-25,428.3970983
2023-06-26,429.7841565
2023-06-27,430.9113015
2023-06-28,431.6989207
2023-06-29,432.4866738
2023-06-30,433.7270245
2023-07-01,435.8658901
2023-07-02,438.0688721
2023-07-03,439.6726764
2023-07-04,440.955403
2023-07-05,442.6851378
2023-07-06,443.5658277
2023-07-07,446.0770128
2023-07-08,448.4642628
2023-07-09,450.7913876
2023-07-10,452.3096058
2023-07-11,453.7237449
2023-07-12,455.2906741
2023-07-13,456.7346306
2023-07-14,458.6482524
2023-07-15,460.9543916
2023-07-16,463.5192172
2023-07-17,465.5351223
2023-07-18,467.0062815
2023-07-19,468.2510849
2023-07-20,469.5567108
2023-07-21,471.1763663
2023-07-22,473.3401979
2023-07-23,475.8155649
2023-07-24,477.6365888
2023-07-25,479.1973563
2023-07-26,480.7562601
2023-07-27,482.3672301
2023-07-28,483.8695498
2023-07-29,486.3581447
2023-07-30,489.05444
2023-07-31,491.3227453
2023-08-01,492.1741834
2023-08-02,494.1925736
2023-08-03,495.9326323
2023-08-04,497.2456014
2023-08-05,499.2026376
2023-08-06,501.38354
2023-08-07,503.518177
2023-08-08,505.6218937
2023-08-09,507.5385134
2023-08-10,509.315935
2023-08-11,511.3566598
2023-08-12,513.9036684
2023-08-13,516.4801908
2023-08-14,518.6428703
2023-08-15,520.6241656
2023-08-16,522.341207
2023-08-17,524.2436354
2023-08-18,526.1510898
2023-08-19,528.1021209
2023-08-20,529.9054343
2023-08-21,531.2440313
2023-08-22,532.0491684
2023-08-23,532.7454092
2023-08-24,533.3955596
2023-08-25,534.2745682
2023-08-26,535.2397987
2023-08-27,536.4626449
2023-08-28,537.0021954
2023-08-29,537.0074426
2023-08-30,537.2212645
2023-08-31,537.4546699
2023-09-01,538.3979807
2023-09-02,539.1460971
2023-09-03,540.0443911
2023-09-04,540.4892456
2023-09-05,540.7928593
2023-09-06,540.6649087
2023-09-07,540.6534049
2023-09-08,540.549754
2023-09-09,540.6389085
2023-09-10,540.7678783
2023-09-11,540.6139241
2023-09-12,540.3392964
2023-09-13,540.0667949
2023-09-14,539.989573
2023-09-15,540.063461
2023-09-16,540.4358618
2023-09-17,540.9378196
2023-09-18,541.3631132
2023-09-19,541.80125
2023-09-20,542.2584303
2023-09-21,542.581352
2023-09-22,543.1565229
2023-09-23,544.0136357
2023-09-24,545.1344659
2023-09-25,545.8480525
2023-09-26,546.5028416
2023-09-27,547.3128338
2023-09-28,548.0529428
2023-09-29,549.0859415
2023-09-30,550.5960775
2023-10-01,552.067961
2023-10-02,553.1267273
2023-10-03,554.4152281
2023-10-04,555.4622209
2023-10-05,555.724214
2023-10-06,556.6691487
2023-10-07,557.8526959
2023-10-08,558.8898467
2023-10-09,559.5800064
2023-10-10,560.5877906
2023-10-11,561.7676581
2023-10-12,562.8539995
2023-10-13,564.367941
2023-10-14,565.9799885
2023-10-15,567.1552843
2023-10-16,567.4620026
2023-10-17,567.6209046
2023-10-18,567.8330416
2023-10-19,568.2330725
2023-10-20,568.8712773
2023-10-21,569.9447676
2023-10-22,568.7826217
2023-10-23,569.1556911
2023-10-24,569.3184435
2023-10-25,569.3651952
2023-10-26,569.4559135
2023-10-27,569.9090535
2023-10-28,570.9866181
2023-10-29,572.2408955
2023-10-30,572.8169525
2023-10-31,573.3675515
2023-11-01,574.3697444
2023-11-02,575.1574097
2023-11-03,575.2281516
2023-11-04,575.488727
2023-11-05,575.9359635
2023-11-06,576.0032628
2023-11-07,575.9113111
2023-11-08,575.7320625
2023-11-09,575.7586079
2023-11-10,575.6313642
2023-11-11,575.5607902
2023-11-12,575.5662729
2023-11-13,575.2768331
2023-11-14,575.4290268
2023-11-15,575.4090123
2023-11-16,574.4194173
2023-11-17,573.3891902
2023-11-18,573.3007511
2023-11-19,573.9552939
2023-11-20,573.867668
2023-11-21,572.9099767
2023-11-22,571.3432429
2023-11-23,569.9870672
2023-11-24,568.6241831
2023-11-25,567.1265915
2023-11-26,565.6234351
2023-11-27,554.5625007
2023-11-28,559.8811688
2023-11-29,555.991475
2023-11-30,552.0049403
2023-12-01,548.0506358
2023-12-02,544.3225977
2023-12-03,541.1272911
2023-12-04,537.2065624
2023-12-05,533.4376839
2023-12-06,529.4816076
2023-12-07,525.8388089
2023-12-08,523.1271774
2023-12-09,521.8625918
2023-12-10,521.1148479
2023-12-11,519.7720599
2023-12-12,518.0225803
2023-12-13,518.0138788
2023-12-14,515.6676342
2023-12-15,513.7681198
2023-12-16,513.0425989
2023-12-17,512.3428825
2023-12-18,510.1999164
2023-12-19,508.0171175
2023-12-20,506.3940485
2023-12-21,505.4162689
2023-12-22,504.7141088
2023-12-23,504.4512762
2023-12-24,504.6999374
2023-12-25,505.0536356
2023-12-26,505.0482366
2023-12-27,504.6367385
2023-12-28,504.5169459
2023-12-29,504.1349531
2023-12-30,503.9870799
2023-12-31,503.7035511
2024-01-01,503.0564785
2024-01-02,502.2488922
2024-01-03,501.1282577
2024-01-04,499.1869858
2024-01-05,496.806486
2024-01-06,494.3591208
2024-01-07,491.347953
2024-01-08,486.2796219
2024-01-09,480.1244174
2024-01-10,473.9221456
2024-01-11,468.0263041
2024-01-12,462.7531064
2024-01-13,458.5988479
2024-01-14,454.8494741
2024-01-15,450.1792171
2024-01-16,444.9592031
2024-01-17,439.9224672
2024-01-18,435.0824307
2024-01-19,430.2071471
2024-01-20,425.9230651
2024-01-21,422.55347
2024-01-22,419.8132913
2024-01-23,417.223644
2024-01-24,415.4526715
2024-01-25,413.4712548
2024-01-26,411.5389406
2024-01-27,409.2854339
2024-01-28,407.0759758
2024-01-29,404.529559
2024-01-30,402.0000603
2024-01-31,399.6910591
2024-02-01,397.3136839
2024-02-02,395.3093134
2024-02-03,394.0386878
2024-02-04,392.574265
2024-02-05,390.5414385
2024-02-06,388.5267633
2024-02-07,385.8844724
2024-02-08,383.1026791
2024-02-09,381.3440859
2024-02-10,380.0245422
2024-02-11,378.5024433
2024-02-12,376.1719662
2024-02-13,373.6163166
2024-02-14,371.6791522
2024-02-15,370.4536917
2024-02-16,369.499886
2024-02-17,368.9043621
2024-02-18,368.3011021
2024-02-19,367.2646266
2024-02-20,365.6592349
2024-02-21,364.4388066
2024-02-22,363.2171601
2024-02-23,361.4735743
2024-02-24,360.0079103
2024-02-25,358.7594403
2024-02-26,356.6753546
2024-02-27,353.9427036
2024-02-28,351.4213386
2024-02-29,349.6465475
2024-03-01,348.433916
2024-03-02,347.8676245
2024-03-03,347.3879878
2024-03-04,345.9420136
2024-03-05,343.9736242
2024-03-06,341.703611
2024-03-07,339.9907589
2024-03-08,338.7101405
2024-03-09,338.1340635
2024-03-10,337.6012465
2024-03-11,335.9645008
2024-03-12,334.2726879
2024-03-13,332.9761925
2024-03-14,332.5799038
2024-03-15,332.7514367
2024-03-16,332.6046491
2024-03-17,332.2995306
2024-03-18,331.4109097
2024-03-19,330.6071109
2024-03-20,330.1108378
2024-03-21,329.7929516
2024-03-22,329.5585979
2024-03-23,329.5793694
2024-03-24,329.156113
2024-03-25,327.9447967
2024-03-26,327.4505946
2024-03-27,326.6704404
2024-03-28,325.7862592
2024-03-29,325.7046801
2024-03-30,325.5389994
2024-03-31,324.0640552
2024-04-01,327.0447227
2024-04-02,327.187405
2024-04-03,327.6239606
2024-04-04,327.6223974
2024-04-05,328.793936
2024-04-06,330.8154457
2024-04-07,333.1139218
2024-04-08,334.7338115
2024-04-09,335.7979
2024-04-10,336.3899055
2024-04-11,337.270887
2024-04-12,338.9719881
2024-04-13,341.4049233
2024-04-14,343.6852312
2024-04-15,344.8737217
2024-04-16,345.1317035
2024-04-17,344.9256307
2024-04-18,344.480188
2024-04-19,344.371389
2024-04-20,344.6501333
2024-04-21,344.6976351
2024-04-22,343.6711065
2024-04-23,342.5073366
2024-04-24,341.3936868
2024-04-25,340.2736576
2024-04-26,339.8960347
2024-04-27,340.7615573
2024-04-28,342.0424449
2024-04-29,343.0498952
2024-04-30,344.525584
2024-05-01,346.2317622
2024-05-02,347.7644692
2024-05-03,348.6566963
2024-05-04,349.9577462
2024-05-05,351.3531402
2024-05-06,351.7196908
2024-05-07,352.1954479
2024-05-08,352.5968475
2024-05-09,354.2032753
2024-05-10,355.8087188
2024-05-11,358.207554
2024-05-12,360.701653
2024-05-13,362.7230611
2024-05-14,364.6767627
2024-05-15,366.3551815
2024-05-16,367.4989363
2024-05-17,368.9934877
2024-05-18,370.762631
2024-05-19,372.6036516
2024-05-20,374.0508865
2024-05-21,374.6015011
2024-05-22,375.4607491
2024-05-23,376.6113426
2024-05-24,377.6596651
2024-05-25,379.093339
2024-05-26,380.704372
2024-05-27,381.852613
2024-05-28,382.8184521
2024-05-29,383.7615268
2024-05-30,384.7921181
2024-05-31,386.1849266
2024-06-01,387.4272365
2024-06-02,388.8057712
2024-06-03,389.3371417
2024-06-04,390.1499714
2024-06-05,391.1667151
2024-06-06,392.3068387
2024-06-07,393.7905395
2024-06-08,395.6729775
2024-06-09,397.425481
2024-06-10,398.4613095
2024-06-11,399.3951395
2024-06-12,400.2192297
2024-06-13,401.0340135
2024-06-14,402.5897625
2024-06-15,404.2610395
2024-06-16,406.2239019
2024-06-17,407.6467257
2024-06-18,408.8489675
2024-06-19,410.2332339
2024-06-20,411.4136999
2024-06-21,412.5622632
2024-06-22,414.479579
2024-06-23,416.3565735
2024-06-24,417.7438452
2024-06-25,419.1048472
2024-06-26,420.5586822
2024-06-27,422.1981503
2024-06-28,423.9419852
2024-06-29,425.8247223
2024-06-30,427.8039621
2024-07-01,429.4129583
2024-07-02,430.9837175
2024-07-03,432.5620524
2024-07-04,434.2392543
2024-07-05,436.0131437
2024-07-06,437.9361074
2024-07-07,439.7915801
2024-07-08,441.8030761
2024-07-09,443.8524093
2024-07-10,445.761583
2024-07-11,447.4159814
2024-07-12,449.100781
2024-07-13,450.9620432
2024-07-14,452.9435834
2024-07-15,454.8235526
2024-07-16,456.5716768
2024-07-17,458.2672558
2024-07-18,459.7418903
2024-07-19,461.5066229
2024-07-20,463.7707128
2024-07-21,466.05927
2024-07-22,467.7618239
2024-07-23,469.2137012
2024-07-24,470.6907497
2024-07-25,472.0475889
2024-07-26,473.4559573
2024-07-27,475.1838878
2024-07-28,477.0325151
2024-07-29,478.4047577
2024-07-30,479.6509676
2024-07-31,481.0114042
2024-08-01,482.337475
2024-08-02,483.8493266
2024-08-03,485.7721129
2024-08-04,487.7924738
2024-08-05,489.3660159
2024-08-06,490.9394183
2024-08-07,492.4957747
2024-08-08,494.018036
2024-08-09,495.6785072
2024-08-10,497.5181258
2024-08-11,499.271763
2024-08-12,500.9602157
2024-08-13,502.6698887
2024-08-14,504.2899761
2024-08-15,506.338665
2024-08-16,508.2412945
2024-08-17,510.5277918
2024-08-18,512.8343938
2024-08-19,514.4913556
2024-08-20,516.026397
2024-08-21,517.5822736
2024-08-22,518.8756048
2024-08-23,520.6201399
2024-08-24,522.7006981
2024-08-25,524.8411816
2024-08-26,526.3410157
2024-08-27,526.8438217
2024-08-28,528.1361762
2024-08-29,529.0689107
2024-08-30,530.1178197
2024-08-31,531.5590607
2024-09-01,533.0172544
2024-09-02,533.7523419
2024-09-03,534.2073369
2024-09-04,534.5429906
2024-09-05,535.1789433
2024-09-06,535.9586694
2024-09-07,536.4963653
2024-09-08,537.2147901
2024-09-09,537.717327
2024-09-10,538.3918191
2024-09-11,538.6638352
2024-09-12,538.3086632
2024-09-13,538.0445335
2024-09-14,537.9276142
2024-09-15,538.1200948
2024-09-16,537.9014818
2024-09-17,537.8475855
2024-09-18,538.1049017
2024-09-19,538.2952891
2024-09-20,538.5248983
2024-09-21,539.1408836
2024-09-22,538.3225515
2024-09-23,538.3448369
2024-09-24,538.3173157
2024-09-25,538.7537306
2024-09-26,539.1150209
2024-09-27,539.3935766
2024-09-28,539.9732825
2024-09-29,540.6489856
2024-09-30,540.8191166
2024-10-01,540.8306492
2024-10-02,540.5889004
2024-10-03,540.6814712
2024-10-04,540.9095902
2024-10-05,541.4741617
2024-10-06,542.2467034
2024-10-07,542.6373858
2024-10-08,543.1381204
2024-10-09,543.7680144
2024-10-10,544.2653489
2024-10-11,544.2178201
2024-10-12,544.7392304
2024-10-13,545.1571843
2024-10-14,544.5381229
2024-10-15,544.5218103
2024-10-16,545.0177628
2024-10-17,545.3609812
2024-10-18,545.6415338
2024-10-19,546.3703208
2024-10-20,547.2237769
2024-10-21,547.3674528
2024-10-22,547.272535
2024-10-23,546.7886821
2024-10-24,546.5246259
2024-10-25,546.3921914
2024-10-26,546.7028116
2024-10-27,546.881654
2024-10-28,546.6796398
2024-10-29,546.3074241
2024-10-30,545.998888
2024-10-31,545.5847446
2024-11-01,545.9485103
2024-11-02,546.0471838
2024-11-03,545.8941269
2024-11-04,544.5200807
2024-11-05,542.6419717
2024-11-06,540.4843984
2024-11-07,538.0504299
2024-11-08,535.8271147
2024-11-09,534.2487824
2024-11-10,532.8656083
2024-11-11,531.1512631
2024-11-12,528.3718688
2024-11-13,525.1454729
2024-11-14,522.2787628
2024-11-15,519.6799519
2024-11-16,517.926787
2024-11-17,516.1871054
2024-11-18,513.3194596
2024-11-19,510.3980701
2024-11-20,506.9813706
2024-11-21,502.849432
2024-11-22,498.7659015
2024-11-23,496.0893739
2024-11-24,495.1439321
2024-11-25,493.9643183
2024-11-26,491.8310749
2024-11-27,489.3739634
2024-11-28,511.471319
2024-11-29,508.2219433
2024-11-30,480.7276906
2024-12-01,478.6892808
2024-12-02,476.0674986
2024-12-03,472.8603812
2024-12-04,469.2330133
2024-12-05,466.3699875
2024-12-06,464.1275734
2024-12-07,462.4606285
2024-12-08,460.5441059
2024-12-09,457.3456761
2024-12-10,452.8616616
2024-12-11,447.8683995
2024-12-12,442.7472779
2024-12-13,438.0427661
2024-12-14,434.6815161
2024-12-15,432.2049228
2024-12-16,429.4876339
2024-12-17,427.1655592
2024-12-18,425.6011787
2024-12-19,424.154978
2024-12-20,422.0278397
2024-12-21,420.7706729
2024-12-22,419.5893995
2024-12-23,417.4556884
2024-12-24,415.5037524
2024-12-25,414.1126462
2024-12-26,411.9405756
2024-12-27,408.6708803
2024-12-28,405.2119567
2024-12-29,401.8166867
2024-12-30,398.3467496
2024-12-31,395.4412212
2025-01-01,393.2934803
2025-01-02,390.3504425
2025-01-03,386.459631
2025-01-04,382.5729276
2025-01-05,379.574154
2025-01-06,377.2660448
2025-01-07,374.0449584
2025-01-08,370.0590273
2025-01-09,365.8543238
2025-01-10,361.2838363
2025-01-11,356.6971087
2025-01-12,352.3080196
2025-01-13,346.7133965
2025-01-14,340.5563583
2025-01-15,334.9414924
2025-01-16,329.3716174
2025-01-17,323.244907
2025-01-18,317.4712547
2025-01-19,311.7616014
2025-01-20,305.2670278
2025-01-21,298.5329956
2025-01-22,292.7547849
2025-01-23,288.9407916
2025-01-24,285.9348377
2025-01-25,283.5384307
2025-01-26,281.1058067
2025-01-27,278.5929004
2025-01-28,276.0609043
2025-01-29,273.3557081
2025-01-30,270.1020804
2025-01-31,266.2240026
2025-02-01,263.0129565
2025-02-02,259.4523755
2025-02-03,254.753378
2025-02-04,249.9381846
2025-02-05,245.2814726
2025-02-06,241.1740377
2025-02-07,237.526892
2025-02-08,234.6319488
2025-02-09,231.9966872
2025-02-10,228.4658219
2025-02-11,224.3505499
2025-02-12,220.0801824
2025-02-13,215.5301557
2025-02-14,210.920534
2025-02-15,206.9314818
2025-02-16,203.2541726
2025-02-17,198.1544665
2025-02-18,192.9258507
2025-02-19,188.6926164
2025-02-20,185.5700335
2025-02-21,183.9192684
2025-02-22,183.2573459
2025-02-23,182.9543076
2025-02-24,182.1047449
2025-02-25,180.5110396
2025-02-26,178.5546821
2025-02-27,176.2061543
2025-02-28,171.8712621
2025-03-01,169.9794991
2025-03-02,168.4033477
2025-03-03,166.2532842
2025-03-04,164.5980225
2025-03-05,163.5152869
2025-03-06,162.8310007
2025-03-07,162.4706406
2025-03-08,163.0576841
2025-03-09,163.5778994
2025-03-10,163.0815991
2025-03-11,161.4596747
2025-03-12,159.3242541
2025-03-13,156.776483
2025-03-14,154.4487397
2025-03-15,153.0041693
2025-03-16,151.8724709
2025-03-17,150.0899384
2025-03-18,148.8070853
2025-03-19,148.0057953
2025-03-20,147.8107574
2025-03-21,148.5376834
2025-03-22,149.6332878
2025-03-23,150.2989034
2025-03-24,150.1828189
2025-03-25,149.9688442
2025-03-26,149.7000963
2025-03-27,149.7929055
2025-03-28,150.1241177
2025-03-29,150.9242096
2025-03-30,151.7458657
2025-03-31,151.9982132
2025-04-01,151.4527169
2025-04-02,152.2251026
2025-04-03,152.8633531
2025-04-04,154.1459943
2025-04-05,155.590078
2025-04-06,157.0458993
2025-04-07,157.434121
2025-04-08,157.6908335
2025-04-09,158.7090772
2025-04-10,159.3803334
2025-04-11,160.3723226
2025-04-12,162.1126416
2025-04-13,164.1080674
2025-04-14,165.6393364
2025-04-15,167.3160285
2025-04-16,168.4162011
2025-04-17,169.3261341
2025-04-18,170.431746
2025-04-19,172.2280344
2025-04-20,174.141607
2025-04-21,175.7784909
2025-04-22,177.0291555
2025-04-23,178.1274398
2025-04-24,179.0795204
2025-04-25,180.1219469
2025-04-26,181.7678311
2025-04-27,183.6375639
2025-04-28,185.6466324
2025-04-29,187.3164507
2025-04-30,189.4493163
2025-05-01,191.9519544
2025-05-02,194.5575661
2025-05-03,197.3744432
2025-05-04,199.7871779
2025-05-05,201.3440772
2025-05-06,202.6627571
2025-05-07,203.9147026
2025-05-08,205.1440172
2025-05-09,206.5902475
2025-05-10,208.7474449
2025-05-11,211.1272951
2025-05-12,213.0001059
2025-05-13,214.6528912
2025-05-14,216.5348976
2025-05-15,217.9956066
2025-05-16,219.396436
2025-05-17,221.393588
2025-05-18,223.123808
2025-05-19,224.4019954
2025-05-20,225.6187077
2025-05-21,225.6842713
2025-05-22,226.158308
2025-05-23,227.2093482
2025-05-24,228.6491881
2025-05-25,230.8796904
2025-05-26,232.5143169
2025-05-27,234.1905282
2025-05-28,235.8470505
2025-05-29,237.9535776
2025-05-30,240.3443835
2025-05-31,243.3624451
2025-06-01,247.3884806
2025-06-02,249.3221242
2025-06-03,251.098381
2025-06-04,252.9961228
2025-06-05,254.5563123
2025-06-06,256.6732213
2025-06-07,259.2149126
2025-06-08,261.8275794
2025-06-09,264.243751
2025-06-10,266.2509166
2025-06-11,268.3597027
2025-06-12,270.2929982
2025-06-13,271.5945807
2025-06-14,273.9593778
2025-06-15,276.3429721
2025-06-16,278.2068742
2025-06-17,280.04946
2025-06-18,282.0161414
2025-06-19,283.9742164
2025-06-20,285.9323475
2025-06-21,287.5667686
2025-06-22,287.9106315
